distance_feet,mean_drawdown_20_yrs
100,246.73285032197109
500,202.8782461919162
1320,116.24963162071103
2640,19.894169091975975
3960,1.1366595149639156
5280,0.022779040275865664
