distance_feet,mean_drawdown_20_yrs
100,535.5273958164994
500,248.6184785507967
1320,123.88458446933207
2640,18.872271038989652
3960,1.1252469338214155
5280,0.02274081297855446
