distance_feet,mean_drawdown_20_yrs
100,247.0817886235967
500,202.8619141907792
1320,116.14958891569687
2640,19.870423089689446
3960,1.1351854169448783
5280,0.022748496075393042
