distance_feet,mean_drawdown_20_yrs
100,149.2111504366691
500,122.36023911220214
1320,71.90850976833853
2640,13.498927800878086
3960,0.8734164499980999
5280,0.019668471979472017
