distance_feet,mean_drawdown_20_yrs
100,151.25343007615106
500,126.70147860509857
1320,84.88035573728175
2640,25.382302209959416
3960,3.557270090191144
5280,0.23317649373697139
