distance_feet,mean_drawdown_20_yrs
100,612.1523824440578
500,292.3538112443062
1320,159.82787435601944
2640,36.51747716822311
3960,4.784987354268907
5280,0.2882010592963695
