distance_feet,mean_drawdown_20_yrs
100,250.3370140289394
500,210.2211667604696
1320,138.37354121439267
2640,38.651842193695344
3960,4.905514317573087
5280,0.28905593263748586
