distance_feet,mean_drawdown_20_yrs
100,249.9469672300083
500,210.2052176985395
1320,138.4770693140467
2640,38.69566273070589
3960,4.911707226620078
5280,0.28943727528747965
